section_code,section_name_emta,section_short_name
A,"AGRICULTURE, FORESTRY AND FISHING",Agriculture
B,MINING AND QUARRYING,Mining
C,MANUFACTURING,Manufacturing
D,"ELECTRICITY, GAS, STEAM AND AIR CONDITIONING SUPPLY",Energy
E,"WATER SUPPLY; SEWERAGE, WASTE MANAGEMENT AND REMEDIATION ACTIVITIES",Water & waste
F,CONSTRUCTION,Construction
G,WHOLESALE AND RETAIL TRADE; REPAIR OF MOTOR VEHICLES AND MOTORCYCLES,Trade
H,TRANSPORTATION AND STORAGE,Transport
I,ACCOMMODATION AND FOOD SERVICE ACTIVITIES,Accommodation & food
J,INFORMATION AND COMMUNICATION,ICT
K,FINANCIAL AND INSURANCE ACTIVITIES,Finance
L,REAL ESTATE ACTIVITIES,Real estate
M,"PROFESSIONAL, SCIENTIFIC AND TECHNICAL ACTIVITIES",Professional services
N,ADMINISTRATIVE AND SUPPORT SERVICE ACTIVITIES,Administrative services
O,PUBLIC ADMINISTRATION AND DEFENCE; COMPULSORY SOCIAL SECURITY,Public administration
P,EDUCATION,Education
Q,HUMAN HEALTH AND SOCIAL WORK ACTIVITIES,Health & social
R,"ARTS, ENTERTAINMENT AND RECREATION",Arts & recreation
S,OTHER SERVICE ACTIVITIES,Other services
T,ACTIVITIES OF HOUSEHOLDS AS EMPLOYERS; UNDIFFERENTIATED GOODS AND SERVICES PRODUCING ACTIVITIES FOR HOUSEHOLDS FOR OWN USE,Households
U,ACTIVITIES OF EXTRATERRITORIAL ORGANISATIONS AND BODIES,Extraterritorial
